cluster_id,event_type,event_type_tr,report_count,center_lat,center_lon,initial_lat,initial_lon,radius_m,severity_avg,is_locked,is_singleton,reports
1,alakasiz,Alakasiz,1,40.985,37.921,40.985,37.921,100.0,1.0,False,True,AKY-RPT-041
2,alakasiz,Alakasiz,1,40.9845,37.9205,40.9845,37.9205,100.0,1.0,False,True,AKY-RPT-042
3,alakasiz,Alakasiz,1,40.9852,37.9215,40.9852,37.9215,100.0,1.0,False,True,AKY-RPT-043
4,alakasiz,Alakasiz,1,40.9848,37.922,40.9848,37.922,100.0,1.0,False,True,AKY-RPT-044
5,alakasiz,Alakasiz,1,40.9855,37.9208,40.9855,37.9208,100.0,1.0,False,True,AKY-RPT-045
6,altyapi_hasari,Altyapi Hasari,5,40.98,37.917,40.9799,37.9169,100.0,5.4,True,False,"AKY-RPT-016,AKY-RPT-017,AKY-RPT-018,AKY-RPT-019,AKY-RPT-020"
7,altyapi_hasari,Altyapi Hasari,1,40.982,37.918,40.982,37.918,100.0,5.0,False,True,AKY-RPT-037
8,heyelan,Heyelan,5,40.98059,37.910928,40.9807,37.91085,100.0,6.2,True,False,"AKY-RPT-001,AKY-RPT-002,AKY-RPT-003,AKY-RPT-004,AKY-RPT-005"
9,heyelan,Heyelan,1,40.9795,37.9175,40.9795,37.9175,100.0,6.0,False,True,AKY-RPT-039
10,sel,Sel,5,40.9837,37.91911,40.9836,37.9191,100.0,6.4,True,False,"AKY-RPT-006,AKY-RPT-007,AKY-RPT-008,AKY-RPT-009,AKY-RPT-010"
11,sel,Sel,5,40.97733,37.90231,40.9773,37.9022,100.0,6.2,True,False,"AKY-RPT-011,AKY-RPT-012,AKY-RPT-013,AKY-RPT-014,AKY-RPT-015"
12,sel,Sel,1,40.9811,37.9122,40.9811,37.9122,100.0,7.0,False,True,AKY-RPT-021
13,sel,Sel,1,40.982,37.9138,40.982,37.9138,100.0,6.0,False,True,AKY-RPT-022
14,sel,Sel,1,40.9802,37.9146,40.9802,37.9146,100.0,8.0,False,True,AKY-RPT-023
15,sel,Sel,1,40.9818,37.9159,40.9818,37.9159,100.0,5.0,False,True,AKY-RPT-024
16,sel,Sel,1,40.9824,37.9115,40.9824,37.9115,100.0,6.0,False,True,AKY-RPT-025
17,sel,Sel,1,40.9799,37.9131,40.9799,37.9131,100.0,7.0,False,True,AKY-RPT-026
18,sel,Sel,1,40.9819,37.9127,40.9819,37.9127,100.0,6.0,False,True,AKY-RPT-027
19,sel,Sel,1,40.983,37.9142,40.983,37.9142,100.0,5.0,False,True,AKY-RPT-028
20,sel,Sel,1,40.9809,37.915,40.9809,37.915,100.0,7.0,False,True,AKY-RPT-029
21,sel,Sel,1,40.98,37.9135,40.98,37.9135,100.0,6.0,False,True,AKY-RPT-030
22,sel,Sel,1,40.981,37.9105,40.981,37.9105,100.0,7.0,False,True,AKY-RPT-031
23,sel,Sel,1,40.9812,37.9165,40.9812,37.9165,100.0,6.0,False,True,AKY-RPT-035
24,sel,Sel,1,40.9815,37.9135,40.9815,37.9135,100.0,7.0,False,True,AKY-RPT-046
25,sel,Sel,1,40.9785,37.9106,40.9785,37.9106,100.0,6.0,False,True,AKY-RPT-047
26,sel,Sel,1,40.9832,37.9148,40.9832,37.9148,100.0,8.0,False,True,AKY-RPT-048
27,sel,Sel,1,40.9796,37.912,40.9796,37.912,100.0,7.0,False,True,AKY-RPT-050
28,tibbi_acil,Tibbi Acil,1,40.9815,37.9118,40.9815,37.9118,100.0,8.0,False,True,AKY-RPT-032
29,tibbi_acil,Tibbi Acil,1,40.9805,37.914,40.9805,37.914,100.0,9.0,False,True,AKY-RPT-036
30,tibbi_acil,Tibbi Acil,1,40.9788,37.9113,40.9788,37.9113,100.0,8.0,False,True,AKY-RPT-040
31,tibbi_acil,Tibbi Acil,1,40.9792,37.9162,40.9792,37.9162,100.0,9.0,False,True,AKY-RPT-049
32,yapi_hasari,Yapi Hasari,1,40.9825,37.9155,40.9825,37.9155,100.0,6.0,False,True,AKY-RPT-033
33,yapi_hasari,Yapi Hasari,1,40.9808,37.9132,40.9808,37.9132,100.0,7.0,False,True,AKY-RPT-034
34,yapi_hasari,Yapi Hasari,1,40.9828,37.9125,40.9828,37.9125,100.0,7.0,False,True,AKY-RPT-038
