report_id,text,expected_type,predicted_type,raw_gemma_type,type_correct,severity,active_indicators,people_trapped,people_injured,life_threat,children_elderly_at_risk,large_crowd_affected,building_collapsed,building_damaged,road_blocked,utility_disrupted,utility_dangerous,flood_water_rising,fire_active,landslide_active,hazmat_present,aftershock_risk,no_communication,area_isolated,rescue_requested
AKY-RPT-001,"Heyelan nedeniyle Uzungöl ana yolu kapandı, bölgeye araç girişi ve çıkışı şu an için yapılamıyor. Ul",heyelan,heyelan,heyelan,True,3.7,3,False,False,False,False,False,False,False,True,False,False,False,False,True,False,False,False,True,False
AKY-RPT-002,Merkezdeki ana köprü çöktüğü için karşı yakayla olan kara yolu bağlantısı tamamen kesilmiş durumda. ,heyelan,altyapi_hasari,altyapi_hasari,False,1.5,1,False,False,False,False,False,False,False,True,False,False,False,False,False,False,False,False,False,False
AKY-RPT-003,yollar kapandi kısme gecemıo her yer tas toprak dolduu acil yol lazımmm. Mahsur kalındı.,heyelan,heyelan,heyelan,True,8.0,6,True,False,True,False,False,False,False,True,False,False,False,False,True,False,False,False,True,True
AKY-RPT-004,asfalt koptu gıttı off araba gecmıo burdan mahsur kaldkk yardım. Yol çöktü.,heyelan,altyapi_hasari,altyapi_hasari,False,4.5,3,True,False,False,False,False,False,False,True,False,False,False,False,False,False,False,False,False,True
AKY-RPT-005,yol coktu ucurum oldU sakın gelmıyn buraya yol yok sakınnn. Uyarı yapılıyor.,heyelan,heyelan,heyelan,True,5.7,4,False,False,True,False,False,False,False,True,False,False,False,False,True,False,False,False,True,False
AKY-RPT-006,Dere kenarındaki ahırı su bastı; hayvanları güvenli ve yüksek bir bölgeye tahliye etmek için acil de,sel,sel,sel,True,2.0,2,False,False,False,False,False,False,False,False,False,False,True,False,False,False,False,False,False,True
AKY-RPT-007,Sel sularına kapılan ve sürüklenen sokak hayvanları için profesyonel ekiplerin botla müdahale etmesi,sel,sel,sel,True,2.0,2,False,False,False,False,False,False,False,False,False,False,True,False,False,False,False,False,False,True
AKY-RPT-008,kopekler catıda kaldı su cok yukseldı kımse ALAMIYOO yardım edın ltfnnn. Köpekler mahsur.,sel,sel,sel,True,4.0,3,False,False,True,False,False,False,False,False,False,False,True,False,False,False,False,False,False,True
AKY-RPT-009,inekler bogulcak ahır su doldu kapı acılmıoo yardm nolur. Ahır su dolu.,sel,sel,sel,True,6.0,4,True,False,True,False,False,False,False,False,False,False,True,False,False,False,False,False,False,True
AKY-RPT-010,kedıler agacta mahsur su cok sert akıyo kımse gıdemıo yanına ölcek hayvanlar. Kediler ağaçta.,sel,sel,sel,True,4.5,4,False,False,True,False,False,False,False,False,False,False,True,False,False,False,False,False,True,True
AKY-RPT-011,"Aracımız sel suları nedeniyle stop etti; su seviyesi cam hizasına kadar yükseldi, tahliye edilemiyor",sel,sel,sel,True,6.5,5,True,False,True,False,False,False,False,False,False,False,True,False,False,False,False,False,True,True
AKY-RPT-012,"Otomobilimiz balçığa saplandı ve kapılar dışarıdaki su basıncından dolayı açılmıyor, araç içinde kil",sel,sel,sel,True,6.0,4,True,False,True,False,False,False,False,False,False,False,True,False,False,False,False,False,False,True
AKY-RPT-013,araba stop etı su gırıo içeri Kapı acılmıo yardım pls bogulucaz. Su araç içine giriyor.,sel,sel,sel,True,6.0,4,True,False,True,False,False,False,False,False,False,False,True,False,False,False,False,False,False,True
AKY-RPT-014,arabanın ıcındeyız su yukselıyoOO cok korkuozzz acıl glın kurtarın bızı. Panik durumu.,sel,sel,sel,True,6.0,4,True,False,True,False,False,False,False,False,False,False,True,False,False,False,False,False,False,True
AKY-RPT-015,camı kıramıoz su doluyo arabaa suruklenıo imdattt yardım. Araç sürükleniyor.,sel,sel,sel,True,6.0,4,True,False,True,False,False,False,False,False,False,False,True,False,False,False,False,False,False,True
AKY-RPT-016,Ana dağıtım trafosunda su teması nedeniyle patlamalar yaşanıyor; bölgedeki elektriğin derhal kesilme,altyapi_hasari,altyapi_hasari,altyapi_hasari,True,6.5,4,False,True,True,False,False,False,False,False,True,True,False,False,False,False,False,False,False,False
AKY-RPT-017,"Devrilen elektrik direği ve kopan yüksek gerilim telleri suyun içine düştü, bölgede ciddi elektrik ç",altyapi_hasari,altyapi_hasari,altyapi_hasari,True,6.5,4,False,True,True,False,False,False,False,False,True,True,False,False,False,False,False,False,False,False
AKY-RPT-018,trafo patlıo kımı buraa gelmesın elektırık carpıcak herkezı. Trafo patlaması.,altyapi_hasari,altyapi_hasari,altyapi_hasari,True,6.5,4,False,True,True,False,False,False,False,False,True,True,False,False,False,False,False,False,False,False
AKY-RPT-019,teller koptu suya dustu heryer kıvılcım cok tehlıkelı gelmeyın. Kıvılcım var.,altyapi_hasari,altyapi_hasari,altyapi_hasari,True,4.5,3,False,False,True,False,False,False,False,False,True,True,False,False,False,False,False,False,False,False
AKY-RPT-020,elektırıkler kesılmedı hala trifı yanıo baksın bırı patlıcak. Acil müdahale gerekli.,altyapi_hasari,altyapi_hasari,altyapi_hasari,True,5.0,4,False,False,True,False,False,False,False,False,True,True,False,False,False,False,False,False,False,True
AKY-RPT-021,"Evin arka bahçesinden gelen sel suyu kapıya dayandı, içeri girmesi an meselesi. Bahçe su dolu.",sel,sel,sel,True,3.5,2,False,False,True,False,False,False,False,False,False,False,True,False,False,False,False,False,False,False
AKY-RPT-022,"Yokuş aşağı sokakta sel gibi su akıyor, yürümek bile imkansız. Şiddetli akış.",sel,sel,sel,True,3.0,2,False,False,False,False,False,False,False,True,False,False,True,False,False,False,False,False,False,False
AKY-RPT-023,"Apartman otoparkı tamamen suyla doldu, araçlar içeride kaldı. Otopark dolu.",sel,sel,sel,True,1.5,1,False,False,False,False,False,False,False,False,False,False,True,False,False,False,False,False,False,False
AKY-RPT-024,"Dere yatağı taşmış, çevredeki tarım alanları tamamen su altında. Taşkın yayılıyor.",sel,sel,sel,True,1.5,1,False,False,False,False,False,False,False,False,False,False,True,False,False,False,False,False,False,False
AKY-RPT-025,"Zemin kattaki dairenin içine su girdi, eşyalar yüzmeye başladı. Ev su aldı.",sel,sel,sel,True,2.5,2,False,False,False,False,False,False,True,False,False,False,True,False,False,False,False,False,False,False
AKY-RPT-026,Ana caddede su birikintileri nedeniyle trafik tamamen durdu. Trafik kapalı.,sel,sel,sel,True,3.0,2,False,False,False,False,False,False,False,True,False,False,True,False,False,False,False,False,False,False
AKY-RPT-027,"Evden çıkamıyoruz, sokak tamamen sel suyu ile dolu. Mahsur durum.",sel,sel,sel,True,6.5,5,True,False,False,False,False,False,False,True,False,False,True,False,False,False,False,False,True,True
AKY-RPT-028,"Mazgallar tıkandı, yağmur suyu geri tepti ve yola yayıldı. Drenaj sorunu.",sel,sel,sel,True,3.0,2,False,False,False,False,False,False,False,True,False,False,True,False,False,False,False,False,False,False
AKY-RPT-029,"Su seviyesi hızla yükseliyor, tahliye edilmezsek içeride kalacağız. Acil tahliye.",sel,sel,sel,True,6.0,4,True,False,True,False,False,False,False,False,False,False,True,False,False,False,False,False,False,True
AKY-RPT-030,Sel suları yol üzerindeki çöp konteynerlerini sürüklemeye başladı. Akıntı kuvvetli.,sel,sel,sel,True,3.0,2,False,False,False,False,False,False,False,True,False,False,True,False,False,False,False,False,False,False
AKY-RPT-031,"Bodrum katı tamamen su doldu, yaşlı annem üst kata çıkamıyor, acil sedye lazım. Yaşlı mahsur.",sel,sel,sel,True,6.0,5,True,False,True,True,False,False,False,False,False,False,True,False,False,False,False,False,False,True
AKY-RPT-032,"Bebeğim 40 derece ateşli ve yollar kapalı olduğu için hastaneye ulaşamıyoruz, ambulans lazım acil. T",tibbi_acil,tibbi_acil,tibbi_acil,True,6.0,5,False,True,True,True,False,False,False,True,False,False,False,False,False,False,False,False,False,True
AKY-RPT-033,"Komşunun duvarı çöktü, içeride ses var ama kimse çıkamıyor gibi görünüyor. Duvar çökmesi.",yapi_hasari,yapi_hasari,yapi_hasari,True,5.5,4,True,False,True,False,False,False,True,False,False,False,False,False,False,False,False,False,False,True
AKY-RPT-034,catı coktu ustumze duvar yıkıldıı altında kaldıkkk kurtarınn bıziii. Enkaz altında.,yapi_hasari,yapi_hasari,yapi_hasari,True,7.5,6,True,True,True,False,False,True,True,False,False,False,False,False,False,False,False,False,False,True
AKY-RPT-035,"Sokağın ortasında kanalizasyon kapağı fırladı, oradan çamurlu su fışkırıyor çok tehlikeli. Kanalizas",sel,altyapi_hasari,altyapi_hasari,False,4.5,3,False,False,True,False,False,False,False,False,True,True,False,False,False,False,False,False,False,False
AKY-RPT-036,"Diyaliz hastasıyım, elektrikler kesildi, cihazım çalışmıyor, birkaç saat içinde hayati risk var. Tıb",tibbi_acil,tibbi_acil,tibbi_acil,True,3.5,3,False,False,True,False,False,False,False,False,True,False,False,False,False,False,False,False,False,True
AKY-RPT-037,"Doğalgaz borusu kırılmış olmalı, çevrede yoğun gaz kokusu var, kıvılcım çıkarsa patlama olur. Gaz sı",altyapi_hasari,altyapi_hasari,altyapi_hasari,True,5.5,4,False,False,True,False,False,False,False,False,True,True,False,False,False,True,False,False,False,False
AKY-RPT-038,"3 katlı binamız eğilmeye başladı, temel oynadı galiba, tahliye lazım ama yollar kapalı. Bina eğilmes",yapi_hasari,yapi_hasari,yapi_hasari,True,5.0,4,False,False,True,False,False,False,True,True,False,False,False,False,False,False,False,False,False,True
AKY-RPT-039,"İstinat duvarı devrildi, arkasındaki toprak kayarak alt sokaktaki evlerin üzerine yığıldı. Toprak ka",heyelan,heyelan,heyelan,True,9.0,8,True,True,True,False,False,True,True,True,False,False,False,False,True,False,False,False,False,True
AKY-RPT-040,suya dustum ayagım kırıldı heralde kalkamıomm cok acıoo bırısı gelsınnn. Yaralı kişi.,tibbi_acil,tibbi_acil,tibbi_acil,True,4.5,3,False,True,True,False,False,False,False,False,False,False,False,False,False,False,False,False,False,True
AKY-RPT-041,"Bugün hava güzeldi ben de markete gittim, biraz yağmur yağdı ama sorun yok. Normal gözlem.",alakasiz,alakasiz,alakasiz,True,1.0,0,False,False,False,False,False,False,False,False,False,False,False,False,False,False,False,False,False,False
AKY-RPT-042,"Kedi mama istedi verdim yedi, dışarıda biraz su var ama kedim iyi. Günlük bilgi.",alakasiz,alakasiz,alakasiz,True,1.0,0,False,False,False,False,False,False,False,False,False,False,False,False,False,False,False,False,False,False
AKY-RPT-043,Maçı izliyodum elektrik gitti ya nolur açın şuyu gol kaçırıyom. Elektrik kesintisi şikayeti.,alakasiz,altyapi_hasari,altyapi_hasari,False,1.0,1,False,False,False,False,False,False,False,False,True,False,False,False,False,False,False,False,False,False
AKY-RPT-044,Bizim mahallede bişey yok ama aşağıda fena sel varmış dikkatli olun. Duyum bildirimi.,alakasiz,sel,sel,False,1.5,1,False,False,False,False,False,False,False,False,False,False,True,False,False,False,False,False,False,False
AKY-RPT-045,pizza sipariş ettim ama kuryenin geleceğini sanmıyorum yollar fena. Ulaşım zorluğu.,alakasiz,altyapi_hasari,altyapi_hasari,False,1.5,1,False,False,False,False,False,False,False,True,False,False,False,False,False,False,False,False,False,False
AKY-RPT-046,"Mahallemizdeki cami avlusunu sel suları bastı, içeride sığınan 20 kadar kişi var, yiyecek ve su ihti",sel,sel,sel,True,5.5,4,True,False,False,False,True,False,False,False,False,False,True,False,False,False,False,False,False,True
AKY-RPT-047,cocuklar okulda mahsur öğretmen aradı su girmiş okula cıkamıolarmıs alt kata. Okul mahsur.,sel,sel,sel,True,6.5,7,True,False,True,True,True,False,False,False,False,False,True,False,False,False,False,False,True,True
AKY-RPT-048,"Sel suları market deposuna girdi, raflar devrildi, içerideki görevli yaralanmış olabilir. Market has",sel,sel,sel,True,4.5,3,False,True,False,False,False,False,True,False,False,False,True,False,False,False,False,False,False,False
AKY-RPT-049,"Hamile eşim sancılanmaya başladı, hastaneye gidemiyoruz tüm yollar su altında, ambulans lütfen. Doğu",tibbi_acil,sel,sel,False,8.0,6,False,True,True,False,False,False,False,True,False,False,True,False,False,False,False,False,True,True
AKY-RPT-050,"Sel sularının taşıdığı enkazlar köprünün altında birikerek doğal bir baraj oluşturdu, su seviyesi te",sel,sel,sel,True,3.5,2,False,False,True,False,False,False,False,False,False,False,True,False,False,False,False,False,False,False
