indicator,frequency_pct,n_true,category
people_trapped,38.0,19,human
people_injured,26.0,13,human
life_threat,48.0,24,human
children_elderly_at_risk,28.0,14,human
large_crowd_affected,10.0,5,human
building_collapsed,8.0,4,infra
building_damaged,18.0,9,infra
road_blocked,46.0,23,infra
utility_disrupted,20.0,10,infra
utility_dangerous,16.0,8,infra
flood_water_rising,56.0,28,enviro
fire_active,4.0,2,enviro
landslide_active,6.0,3,enviro
hazmat_present,2.0,1,enviro
aftershock_risk,0.0,0,enviro
no_communication,30.0,15,comms
area_isolated,58.0,29,comms
rescue_requested,82.0,41,comms
