indicator,TP,FP,FN,TN,precision,recall,f1,accuracy
people_trapped,7,2,1,20,0.778,0.875,0.824,0.9
people_injured,2,7,0,21,0.222,1.0,0.364,0.767
life_threat,10,4,0,16,0.714,1.0,0.833,0.867
children_elderly_at_risk,1,7,0,22,0.125,1.0,0.222,0.767
large_crowd_affected,1,5,1,23,0.167,0.5,0.25,0.8
building_collapsed,5,0,0,25,1.0,1.0,1.0,1.0
building_damaged,2,5,0,23,0.286,1.0,0.444,0.833
road_blocked,4,8,0,18,0.333,1.0,0.5,0.733
utility_disrupted,1,3,0,26,0.25,1.0,0.4,0.9
utility_dangerous,3,1,0,26,0.75,1.0,0.857,0.967
flood_water_rising,6,0,1,23,1.0,0.857,0.923,0.967
fire_active,1,0,0,29,1.0,1.0,1.0,1.0
landslide_active,2,0,0,28,1.0,1.0,1.0,1.0
hazmat_present,1,0,0,29,1.0,1.0,1.0,1.0
aftershock_risk,2,0,0,28,1.0,1.0,1.0,1.0
no_communication,1,10,0,19,0.091,1.0,0.167,0.667
area_isolated,2,14,2,12,0.125,0.5,0.2,0.467
rescue_requested,10,13,0,7,0.435,1.0,0.606,0.567
